{"current":{"sections":{"hero":{"type":"hero","settings":{"image":"shopify:\/\/shop_images\/Hero_Image.png"}},"rich-text":{"type":"rich-text","settings":{"title":"Build a shopify theme from the future","text":"<p>Build a shopify theme from the future <\/p>","button":"Explore our collections"}},"image-with-text":{"type":"image-with-text","settings":{"image":"shopify:\/\/shop_images\/Why_Shopify.png","title":"Why Shopify?","text":"<p><strong>A platform that is versatile and strict. Flexible and reliable. Easy to start learning and master.<\/strong><\/p>","reverse":false}},"logo-list":{"type":"logo-list","blocks":{"83a82fc5-fc8b-4c63-bc0d-716ce282e76e":{"type":"logo","settings":{"image":"shopify:\/\/shop_images\/shopify_glyph.png","link":"https:\/\/www.shopify.com\/"}},"64ee7e81-00b4-4a15-b96f-20498fd93f7c":{"type":"logo","settings":{"image":"shopify:\/\/shop_images\/js_logo.png","link":"https:\/\/www.javascript.com\/"}},"f122c804-9eca-4848-82d7-c93c4d799845":{"type":"logo","settings":{"image":"shopify:\/\/shop_images\/css_logo.png","link":"https:\/\/www.w3schools.com\/css\/"}},"d633c21c-7f54-4401-85a5-941055fb5eed":{"type":"logo","settings":{"image":"shopify:\/\/shop_images\/vuejs.png","link":"https:\/\/vuejs.org\/"}}},"block_order":["83a82fc5-fc8b-4c63-bc0d-716ce282e76e","64ee7e81-00b4-4a15-b96f-20498fd93f7c","f122c804-9eca-4848-82d7-c93c4d799845","d633c21c-7f54-4401-85a5-941055fb5eed"],"settings":{"title":"Full Tech Stack"}},"footer":{"type":"footer","blocks":{"9051d70a-16fd-4d1f-8df7-b05756238007":{"type":"social_link","settings":{"social":"Facebook","link":"https:\/\/www.facebook.com\/"}},"2dbebaa4-1bca-41fc-b021-1c18ca7e07d3":{"type":"social_link","settings":{"social":"Twitter","link":"https:\/\/twitter.com\/"}}},"block_order":["9051d70a-16fd-4d1f-8df7-b05756238007","2dbebaa4-1bca-41fc-b021-1c18ca7e07d3"],"settings":{"title":"Build a Shopify theme from scratch!"}},"image-with-text-2":{"type":"image-with-text-2","settings":{"image":"shopify:\/\/shop_images\/Vuejs_4ed95302-13c3-4c7e-a538-5169b88062c9.png","title":"Vue.js","text":"<p><strong>The perfect combination of technology, flexibility, and sophistication. Light and power. Combined.<\/strong><\/p>","reverse":true}}},"content_for_index":[]},"presets":{"Default":{}}}